producto,modelo,mape,mad,rmse,mse,tracking_signal,sigma_rel,peso_combinacion
P1,HW amortiguado m=4 (litros),0.029125427722191267,435846,572000,327184047264.3719,0.38,0.04342505829423457,1.0
P2,HW amortiguado m=4 (litros),0.029125439094950505,543892,713799,509508814922.90753,0.38,0.04342509381522675,1.0
P3,Bates-Granger OPTIMO (w_directo=0.73),0.02111777224494813,36311,49237,2424290702.8372984,-2.02,0.03089853500712082,0.731
