{
 "SHARE": {
  "P1": 0.119,
  "P2": 0.07650000000000001,
  "P3": 0.085
 },
 "ENVASE": {
  "P1": 0.35,
  "P2": 1.5,
  "P3": 25.0
 },
 "L_CU": 5.678112,
 "RET": 0.34,
 "NR": 0.66,
 "W": {
  "1": [
   0.337,
   0.315,
   0.348
  ],
  "2": [
   0.3233233233233233,
   0.3333333333333333,
   0.3433433433433433
  ],
  "3": [
   0.349,
   0.329,
   0.322
  ],
  "4": [
   0.309,
   0.325,
   0.366
  ]
 }
}